Question,Reponse
"Quels sont les avantages sociaux offerts par l'entreprise ?","L'entreprise offre des avantages tels que l'assurance sant�, les tickets restaurant, et des primes de performance."
"Comment puis-je demander un conge ?","Pour demander un cong�, vous devez remplir le formulaire de demande de cong� et l'envoyer � votre sup�rieur hi�rarchique pour approbation."
"Quelle est la politique de teletravail ?","La politique de t�l�travail permet aux employ�s de travailler de chez eux jusqu'� deux jours par semaine, sous r�serve de l'approbation de leur manager."
"Comment fonctionne le systeme de primes ?","Les primes sont bas�es sur la performance individuelle et collective, et sont distribu�es trimestriellement."
"Quelles sont les etapes de l'evaluation annuelle ?","L'�valuation annuelle comprend une auto-�valuation, une �valuation par le manager, et un entretien de feedback."
"Comment puis-je mettre � jour mes informations personnelles ?","Vous pouvez mettre � jour vos informations personnelles via le portail des employ�s ou en contactant le service des ressources humaines."
"Quelle est la procedure pour signaler un probleme de harcelement ?","Si vous rencontrez un probl�me de harc�lement, vous pouvez le signaler en toute confidentialit� au service des ressources humaines ou via la hotline d�di�e."
"Quelles formations sont disponibles pour les employes ?","L'entreprise propose diverses formations en ligne et en pr�sentiel, couvrant des sujets techniques, de management, et de d�veloppement personnel."
"Comment puis-je obtenir une attestation de travail ?","Pour obtenir une attestation de travail, faites une demande via le portail des employ�s ou adressez-vous directement au service des ressources humaines."
"Quelle est la procedure pour declarer un accident de travail ?","En cas d'accident de travail, informez imm�diatement votre sup�rieur hi�rarchique et le service des ressources humaines. Remplissez ensuite le formulaire de d�claration d'accident de travail."
"Comment puis-je postuler � un poste interne ?","Pour postuler � un poste interne, consultez les offres disponibles sur le portail interne des carri�res et soumettez votre candidature en ligne."
"Quels sont les criteres de promotion ?","Les crit�res de promotion incluent la performance au travail, les comp�tences d�montr�es, l'anciennet�, et la contribution aux objectifs de l'�quipe et de l'entreprise."
"Quels documents sont necessaires pour une candidature ?","Les documents n�cessaires incluent un CV � jour, une lettre de motivation, et �ventuellement des copies de vos dipl�mes et certificats."
"Comment puis-je suivre l'etat de ma candidature ?","Vous pouvez suivre l'�tat de votre candidature via le portail de recrutement en ligne ou en contactant directement le service des ressources humaines."
"Quels sont les horaires de travail habituels ?","Les horaires de travail habituels sont de 9h � 17h du lundi au vendredi, avec une pause d�jeuner d'une heure."
"Comment puis-je acceder � mes bulletins de salaire en ligne ?","Vous pouvez acc�der � vos bulletins de salaire via le portail des employ�s en vous connectant avec vos identifiants."
"Quelle est la politique de l'entreprise en matiere de conges parentaux ?","L'entreprise offre des cong�s parentaux pay�s selon les dispositions l�gales, et des options de cong� suppl�mentaire non r�mun�r� peuvent �tre discut�es avec le service des ressources humaines."
"Quels sont les criteres pour beneficier du teletravail ?","Les crit�res pour b�n�ficier du t�l�travail incluent la nature du poste, la performance pass�e, et l'approbation du manager direct."
"Comment fonctionne le programme de parrainage pour les nouveaux employes ?","Le programme de parrainage associe les nouveaux employ�s � des coll�gues exp�riment�s pour les aider � s'int�grer et � se familiariser avec les processus de l'entreprise."
"Comment puis-je participer aux programmes de formation continue ?","Vous pouvez vous inscrire aux programmes de formation continue via le portail des employ�s ou en contactant le service des ressources humaines."
"Quels sont les avantages offerts pour le transport des employes ?","L'entreprise propose des subventions pour les abonnements de transport en commun et dispose d'un parking gratuit pour les employ�s."
"Comment sont geres les jours feries et les ponts ?","Les jours f�ri�s sont ch�m�s et pay�s. Les ponts peuvent �tre pris en utilisant des jours de cong� ou des RTT selon les accords avec le manager."
"Quelle est la procedure pour demander une avance sur salaire ?","Pour demander une avance sur salaire, vous devez remplir un formulaire de demande d'avance et l'envoyer au service des ressources humaines pour approbation."
"Quels sont les benefices de l'assurance sante offerte par l'entreprise ?","L'assurance sant� de l'entreprise couvre une large gamme de services m�dicaux, y compris les consultations, les hospitalisations, les soins dentaires et optiques."
"Comment fonctionne le programme de reconnaissance des employes ?","Le programme de reconnaissance des employ�s r�compense les r�alisations exceptionnelles par des primes, des certificats et des mentions sp�ciales lors des r�unions d'�quipe."
"Quels sont les services de bien-�tre disponibles pour les employes ?","L'entreprise propose des services de bien-�tre tels que des consultations de sant� mentale, des cours de fitness, et des massages en entreprise."
"Comment puis-je declarer des heures supplementaires ?","Les heures suppl�mentaires doivent �tre approuv�es � l'avance par votre manager et d�clar�es via le syst�me de gestion du temps en ligne."
"Quelle est la politique de l'entreprise en matiere de diversite et d'inclusion ?","L'entreprise s'engage � promouvoir la diversit� et l'inclusion en mettant en place des formations r�guli�res et en veillant � une culture de respect et d'�quit�."
"Quels sont les avantages offerts par l'entreprise pour les parents ?","L'entreprise offre des avantages pour les parents, y compris des cong�s parentaux, des horaires de travail flexibles, et des subventions pour la garde d'enfants."
"Comment puis-je soumettre une idee ou une suggestion ?","Vous pouvez soumettre vos id�es et suggestions via le portail des employ�s ou en les envoyant directement au service des ressources humaines."
"Quelles sont les possibilites de carriere � long terme dans l'entreprise ?","L'entreprise offre de nombreuses possibilit�s de carri�re � long terme, avec des plans de d�veloppement professionnel, des formations continues, et des opportunit�s de promotion interne."
"Comment puis-je acceder aux ressources de l'entreprise depuis chez moi ?","Vous pouvez acc�der aux ressources de l'entreprise via le VPN s�curis� en utilisant vos identifiants de connexion."
"Quelle est la politique de remboursement des frais professionnels ?","Les frais professionnels sont rembours�s sur pr�sentation des justificatifs et apr�s approbation du manager. Les demandes de remboursement doivent �tre soumises via le portail des employ�s."
"Quels sont les criteres pour obtenir une promotion ?","Les crit�res pour obtenir une promotion incluent la performance individuelle, la contribution aux objectifs de l'�quipe, les comp�tences d�montr�es et l'anciennet�."
"Comment puis-je signaler un probleme technique ?","Pour signaler un probl�me technique, contactez le service informatique via le portail des employ�s ou par t�l�phone."
"Quelle est la politique de remboursement des frais de deplacement ?","Les frais de d�placement sont rembours�s sur pr�sentation des re�us et doivent �tre approuv�s par votre manager avant d'�tre soumis via le portail des employ�s."
"Quels sont les avantages du programme de fidelite des employes ?","Le programme de fid�lit� des employ�s offre des r�compenses bas�es sur l'anciennet�, telles que des jours de cong� suppl�mentaires, des primes et des cadeaux."
"Comment puis-je acceder � la bibliotheque d'entreprise ?","La biblioth�que d'entreprise est accessible en ligne via le portail des employ�s, o� vous pouvez emprunter des livres num�riques et des ressources �ducatives."
"Quelle est la politique de l'entreprise en mati�re de travail � temps partiel ?","L'entreprise permet le travail � temps partiel pour certains postes, sous r�serve de l'approbation du manager et du service des ressources humaines."
"Quels sont les crit�res pour b�n�ficier d'une augmentation de salaire ?","Les crit�res pour b�n�ficier d'une augmentation de salaire incluent la performance, l'acquisition de nouvelles comp�tences, et l'apport de valeur ajout�e � l'�quipe et � l'entreprise."
"Comment puis-je m'inscrire � un �v�nement d'entreprise ?","Vous pouvez vous inscrire aux �v�nements d'entreprise via le calendrier des �v�nements sur le portail des employ�s."
"Quels sont les outils de collaboration disponibles pour les �quipes ?","Les outils de collaboration incluent des plateformes de messagerie instantan�e, des logiciels de gestion de projet, et des espaces de travail partag�s en ligne."
"Comment puis-je obtenir un certificat de stage ?","Pour obtenir un certificat de stage, faites une demande via le portail des employ�s ou contactez directement le service des ressources humaines."
"Quels sont les crit�res pour obtenir une bourse d'�tudes de l'entreprise ?","Les crit�res pour obtenir une bourse d'�tudes incluent les performances acad�miques, la lettre de motivation, et l'approbation du comit� de bourses de l'entreprise."
"Comment fonctionne le programme de dons de l'entreprise ?","Le programme de dons de l'entreprise permet aux employ�s de faire des dons � des organisations caritatives s�lectionn�es et de recevoir des re�us fiscaux."
"Quelle est la proc�dure pour demander un transfert de service ?","Pour demander un transfert de service, discutez-en avec votre manager et soumettez une demande formelle via le portail des employ�s."
"Quels sont les avantages du plan d'�pargne entreprise ?","Le plan d'�pargne entreprise offre des avantages fiscaux et permet aux employ�s d'investir une partie de leur salaire dans des fonds communs de placement."
"Comment puis-je participer aux enqu�tes de satisfaction des employ�s ?","Les enqu�tes de satisfaction des employ�s sont envoy�es p�riodiquement par e-mail, et vous pouvez y participer anonymement en remplissant le questionnaire en ligne."
"Quelle est la politique de l'entreprise en mati�re de s�curit� au travail ?","L'entreprise met en �uvre des mesures strictes de s�curit� au travail, incluant des formations r�guli�res, des �quipements de protection individuelle, et des proc�dures d'urgence."
"Comment puis-je acc�der aux archives des communications internes ?","Les archives des communications internes sont accessibles via le portail des employ�s, o� vous pouvez consulter les newsletters, les annonces et les comptes rendus de r�unions."
"Quels sont les programmes de bien-�tre mental disponibles pour les employ�s ?","L'entreprise offre des programmes de bien-�tre mental incluant des s�ances de th�rapie, des ateliers de gestion du stress, et des ressources en ligne pour le soutien psychologique."
"Comment puis-je obtenir une carte de visite professionnelle ?","Pour obtenir une carte de visite professionnelle, faites une demande via le portail des employ�s en fournissant vos informations de contact et votre titre de poste."
"Quelle est la politique de l'entreprise en mati�re de protection des donn�es ?","L'entreprise suit des protocoles stricts pour la protection des donn�es, incluant le cryptage des informations sensibles et des formations r�guli�res sur la s�curit� des donn�es."
"Quelles sont les options de transport pour se rendre au travail ?","Les options de transport pour se rendre au travail comprennent les transports en commun, le covoiturage, le v�lo ou la marche selon votre situation g�ographique."
"Comment puis-je acc�der aux politiques de l'entreprise ?","Les politiques de l'entreprise sont disponibles sur le portail des employ�s, o� vous pouvez les consulter et les t�l�charger."
"Quelle est la politique de l'entreprise en mati�re de diversit� et d'inclusion ?","L'entreprise promeut la diversit� et l'inclusion en adoptant des politiques �quitables en mati�re de recrutement, de promotion et de traitement des employ�s."
"Comment puis-je proposer une am�lioration des processus internes ?","Pour proposer une am�lioration des processus internes, soumettez votre id�e via le syst�me de suggestions en ligne ou discutez-en avec votre manager."
"Quels sont les avantages du programme de parrainage des employ�s ?","Le programme de parrainage des employ�s offre des incitations financi�res pour recommander des candidats qualifi�s et contribue � renforcer l'esprit d'�quipe."
"Comment puis-je obtenir une formation sur un nouveau logiciel ?","Pour obtenir une formation sur un nouveau logiciel, consultez les cours disponibles sur la plateforme de formation en ligne de l'entreprise ou contactez le service de formation."
"Quelle est la politique de l'entreprise concernant le t�l�travail pendant la pand�mie ?","Pendant la pand�mie, l'entreprise encourage le t�l�travail pour les postes qui le permettent et met en place des mesures pour assurer la sant� et la s�curit� des employ�s."
"Comment puis-je soumettre une id�e pour un projet d'innovation ?","Pour soumettre une id�e pour un projet d'innovation, participez aux sessions de brainstorming internes ou envoyez votre proposition � l'�quipe de d�veloppement de produits."
"Quels sont les avantages du programme de formation continue ?","Le programme de formation continue offre aux employ�s la possibilit� d'acqu�rir de nouvelles comp�tences et de se d�velopper professionnellement, ce qui peut favoriser leur progression de carri�re."
"Comment puis-je obtenir une assistance technique pour mon ordinateur ?","Pour obtenir une assistance technique pour votre ordinateur, contactez le service informatique par t�l�phone ou soumettez une demande via le portail des employ�s."
"Quelle est la politique de l'entreprise en mati�re de cong�s pay�s ?","L'entreprise accorde un nombre d�termin� de jours de cong�s pay�s par an, qui peuvent �tre utilis�s pour des vacances, des cong�s maladie ou d'autres raisons personnelles, conform�ment aux politiques en vigueur."
"Comment puis-je participer aux projets de responsabilit� sociale de l'entreprise ?","Pour participer aux projets de responsabilit� sociale de l'entreprise, rejoignez le comit� de responsabilit� sociale ou proposez des initiatives de b�n�volat dans votre communaut�."
"Quels sont les avantages du programme de remboursement des frais de formation ?","Le programme de remboursement des frais de formation permet aux employ�s de se faire rembourser tout ou partie des frais engag�s pour suivre des formations externes pertinentes pour leur poste."
"Comment puis-je signaler un probl�me avec les �quipements de s�curit� ?","Pour signaler un probl�me avec les �quipements de s�curit�, contactez imm�diatement votre responsable de la s�curit� ou le service des ressources humaines pour qu'une inspection soit effectu�e."
"Quelle est la politique de l'entreprise concernant le travail � distance permanent ?","L'entreprise offre la possibilit� de travailler � distance de fa�on permanente pour certains postes, sous r�serve de l'approbation du manager et de la conformit� avec les politiques en vigueur."
"Comment puis-je acc�der aux opportunit�s de b�n�volat de l'entreprise ?","Pour acc�der aux opportunit�s de b�n�volat de l'entreprise, consultez les annonces sur le portail des employ�s ou contactez le responsable du programme de b�n�volat."
"Quels sont les avantages du programme de r�compenses et de reconnaissance ?","Le programme de r�compenses et de reconnaissance offre des r�compenses financi�res, des reconnaissances publiques et des opportunit�s de d�veloppement professionnel pour r�compenser les performances exceptionnelles des employ�s."
"Comment puis-je obtenir une assistance pour mes questions sur les avantages sociaux ?","Pour obtenir une assistance pour vos questions sur les avantages sociaux, contactez le service des ressources humaines ou consultez les documents disponibles sur le portail des employ�s."
"Quelles sont les options de formation disponibles pour les nouveaux employ�s ?","Les nouveaux employ�s ont acc�s � une formation d'int�gration compl�te ainsi qu'� des modules de formation en ligne pour se familiariser avec les processus et les outils de l'entreprise."
"Comment puis-je demander une journ�e de cong� exceptionnelle ?","Pour demander une journ�e de cong� exceptionnelle, adressez-vous � votre manager et soumettez une demande par �crit en pr�cisant la raison et la date souhait�e."
"Quelle est la politique de l'entreprise en mati�re de travail flexible ?","L'entreprise offre des options de travail flexible telles que des horaires flexibles, le travail � temps partiel ou la possibilit� de t�l�travailler, sous r�serve de l'approbation du manager et de la conformit� avec les politiques en vigueur."
"Comment puis-je acc�der aux ressources de d�veloppement professionnel ?","Pour acc�der aux ressources de d�veloppement professionnel, consultez la biblioth�que en ligne de l'entreprise, participez aux sessions de formation en groupe ou demandez un coaching individuel avec un mentor."
"Quelle est la proc�dure pour signaler un conflit avec un coll�gue ?","Si vous rencontrez un conflit avec un coll�gue, essayez d'abord de le r�soudre de mani�re informelle. Si cela n'est pas possible, signalez le conflit � votre manager ou au service des ressources humaines pour obtenir de l'aide dans sa r�solution."
"Comment puis-je mettre � jour mes informations de contact ?","Pour mettre � jour vos informations de contact, connectez-vous au portail des employ�s et acc�dez � votre profil, o� vous pourrez modifier vos coordonn�es enregistr�es."
"Quelles sont les opportunit�s de mobilit� internationale au sein de l'entreprise ?","L'entreprise offre des opportunit�s de mobilit� internationale pour les employ�s talentueux qui souhaitent acqu�rir une exp�rience professionnelle dans d'autres pays ou r�gions o� l'entreprise est implant�e."
"Quels sont les avantages offerts aux employ�s pour favoriser l'�quilibre vie professionnelle - vie personnelle ?","L'entreprise propose des horaires flexibles, des jours de t�l�travail, des services de garde d'enfants sur site et des programmes de bien-�tre pour favoriser l'�quilibre vie professionnelle - vie personnelle des employ�s."
"Comment puis-je acc�der au programme de remboursement des frais de formation ?","Pour acc�der au programme de remboursement des frais de formation, soumettez une demande en remplissant le formulaire de remboursement et en fournissant les documents justificatifs de la formation suivie."
"Quelle est la politique de l'entreprise concernant le travail � distance ?","L'entreprise encourage le travail � distance pour les postes �ligibles, offrant ainsi aux employ�s la flexibilit� de travailler depuis chez eux selon leurs besoins et leur situation personnelle."
"Comment puis-je obtenir une assistance technique pour les probl�mes informatiques ?","Pour obtenir une assistance technique pour les probl�mes informatiques, contactez le service d'assistance informatique par t�l�phone, par e-mail ou en soumettant une demande via le portail d'assistance en ligne."
"Quels sont les crit�res d'�ligibilit� pour b�n�ficier du programme de t�l�travail ?","Les crit�res d'�ligibilit� pour b�n�ficier du programme de t�l�travail incluent la nature du poste, la performance de l'employ� et la capacit� � travailler de mani�re autonome depuis un environnement � distance."
"Comment puis-je signaler un probl�me de s�curit� au bureau ?","Pour signaler un probl�me de s�curit� au bureau, contactez imm�diatement le service de s�curit� de l'entreprise ou utilisez les canaux de communication d'urgence disponibles dans les locaux."
"Quels sont les avantages de participer aux initiatives de responsabilit� sociale de l'entreprise ?","Participer aux initiatives de responsabilit� sociale de l'entreprise permet aux employ�s de contribuer positivement � la communaut�, de renforcer l'image de l'entreprise et de s'engager dans des actions altruistes."
"Comment puis-je proposer une am�lioration des processus internes de l'entreprise ?","Pour proposer une am�lioration des processus internes de l'entreprise, soumettez votre id�e via le syst�me de gestion des suggestions ou discutez-en avec votre manager lors des r�unions d'�quipe."
"Quelle est la politique de l'entreprise en mati�re de d�veloppement durable ?","L'entreprise s'engage � r�duire son empreinte �cologique en adoptant des pratiques durables telles que le recyclage, la r�duction de la consommation d'�nergie et la promotion des transports �cologiques pour les d�placements professionnels."
"Quelles sont les opportunit�s de d�veloppement de carri�re offertes aux employ�s ?","Les employ�s ont acc�s � des opportunit�s de d�veloppement de carri�re telles que des programmes de formation, des programmes de mentorat, des rotations de poste et des possibilit�s de promotion interne en fonction de leurs performances et de leurs objectifs professionnels."
"Comment puis-je obtenir une assistance pour l'utilisation des outils informatiques de l'entreprise ?","Pour obtenir une assistance pour l'utilisation des outils informatiques de l'entreprise, contactez le service de support technique d�di� par t�l�phone, par e-mail ou en utilisant le chat en ligne disponible sur le portail des employ�s."
"Quels sont les canaux de communication internes utilis�s par l'entreprise ?","L'entreprise utilise des canaux de communication internes tels que les r�unions d'�quipe, les e-mails, les bulletins d'information �lectroniques, les forums en ligne et les plateformes de messagerie instantan�e pour faciliter la communication entre les employ�s et les diff�rents d�partements."
"Comment puis-je acc�der aux opportunit�s de formation en ligne propos�es par l'entreprise ?","Pour acc�der aux opportunit�s de formation en ligne propos�es par l'entreprise, consultez le catalogue de formations sur le portail de formation et inscrivez-vous aux cours qui vous int�ressent en suivant les instructions fournies."
"Quelle est la politique de l'entreprise en mati�re de cong�s pay�s et de jours f�ri�s ?","L'entreprise offre un certain nombre de jours de cong�s pay�s et observe les jours f�ri�s officiels conform�ment � la l�gislation en vigueur. Les d�tails concernant les cong�s pay�s et les jours f�ri�s sont disponibles dans le manuel de l'employ�."
"Quels sont les programmes de reconnaissance des employ�s mis en place par l'entreprise ?","L'entreprise met en place des programmes de reconnaissance des employ�s, tels que les r�compenses mensuelles, les prix du meilleur employ� du trimestre et les c�l�brations sp�ciales pour reconna�tre les performances exceptionnelles et les contributions importantes."
"Comment puis-je acc�der aux ressources de formation disponibles en interne ?","Pour acc�der aux ressources de formation disponibles en interne, consultez la biblioth�que de formation en ligne sur le portail des employ�s ou assistez aux sessions de formation organis�es par les experts internes de l'entreprise."
"Quelle est la politique de l'entreprise en mati�re de diversit� et d'inclusion ?","L'entreprise s'engage � promouvoir la diversit� et l'inclusion en cr�ant un environnement de travail o� chacun est respect� et valoris� ind�pendamment de ses origines, de son sexe, de son �ge ou de son orientation sexuelle."
"Comment puis-je demander un am�nagement d'horaires de travail ?","Pour demander un am�nagement d'horaires de travail, discutez de vos besoins avec votre manager et soumettez une demande formelle en expliquant les raisons de votre demande et les solutions propos�es pour maintenir votre productivit�."
"Quels sont les canaux de r�troaction disponibles pour les employ�s afin de partager leurs suggestions et leurs pr�occupations ?","Les employ�s peuvent partager leurs suggestions et leurs pr�occupations en utilisant des canaux de r�troaction tels que les r�unions d'�quipe, les sondages internes, les bo�tes � id�es en ligne et les entretiens individuels avec leur manager ou les membres de l'�quipe des ressources humaines."
Quelles sont les heures d'ouverture de l'entreprise ?","Les heures d'ouverture de l'entreprise sont de 9h � 17h du lundi au vendredi."
"Puis-je travailler � distance ?","Oui l'entreprise offre la possibilit� de t�l�travailler pour certains postes, sous r�serve de l'approbation du manager."
"Comment puis-je acc�der au syst�me de gestion des cong�s ?","Vous pouvez acc�der au syst�me de gestion des cong�s en vous connectant au portail des employ�s avec vos identifiants."
"Quels sont les avantages offerts aux employ�s pour favoriser l'�quilibre vie professionnelle - vie personnelle ?","L'entreprise propose des horaires flexibles, du t�l�travail et des services de garde d'enfants sur site pour favoriser l'�quilibre vie professionnelle - vie personnelle des employ�s."
"Quelle est la politique de l'entreprise en mati�re de d�veloppement durable ?","L'entreprise s'engage � r�duire son empreinte �cologique en adoptant des pratiques durables telles que le recyclage et la r�duction de la consommation d'�nergie."
"Comment puis-je obtenir une assistance technique pour les probl�mes informatiques ?","Pour obtenir une assistance technique, contactez le service d'assistance informatique par t�l�phone ou par e-mail."
"Quels sont les crit�res d'�ligibilit� pour b�n�ficier du programme de t�l�travail ?","Les crit�res d'�ligibilit� incluent la nature du poste, la performance de l'employ� et la capacit� � travailler de mani�re autonome depuis un environnement � distance."
"Quelles sont les opportunit�s de d�veloppement de carri�re offertes aux employ�s ?","Les employ�s ont acc�s � des programmes de formation, de mentorat et des possibilit�s de promotion interne en fonction de leurs performances et de leurs objectifs professionnels."
"Quel est le processus de recrutement utilisé dans l'entreprise?","Le processus de recrutement de notre entreprise est une démarche méthodique. Il commence par l'identification des besoins en personnel, la rédaction de descriptions de poste, et la diffusion des offres. Les candidats sélectionnés passent par des entretiens et des évaluations avant de recevoir une offre d'emploi. Notre objectif est de recruter des talents qui correspondent à nos besoins organisationnels et à notre culture d'entreprise."



